{"cameraMode":{"drawMode":0,"name":"Shaded","section":"Shading Mode"},"sceneLighting":true,"audioPlay":false,"sceneViewState":{"m_AlwaysRefresh":false,"showFog":true,"showSkybox":true,"showFlares":true,"showImageEffects":true,"showParticleSystems":true,"showVisualEffectGraphs":true,"m_FxEnabled":true},"in2DMode":false,"pivot":{"x":1.0976228713989258,"y":-0.6784306764602661,"z":3.805629014968872},"rotation":{"x":0.0997246578335762,"y":0.011938861571252346,"z":-0.0011971817584708334,"w":0.9949405193328857},"size":6.470822334289551,"orthographic":false}